fault_type,events,recall,mean_delay_min,attr_hit_rate
F1,4,0.5,524.2415130583333,0.5
F2,9,0.6666666666666666,999.980887,0.6666666666666666
F3,5,1.0,51.68853815333333,1.0
F4,5,0.8,43.30380519166667,0.8
F5,3,1.0,4.478037261111111,1.0
F6,1,1.0,129.4450581,1.0
