{
  "site_01": 0.9883180183531747,
  "site_02": 0.9954570932539683,
  "site_03": 0.8756873139880953,
  "site_04": 0.8770958581349207,
  "site_05": 0.9076961805555558,
  "site_06": 0.8389144345238096,
  "site_07": 0.8486705109126988,
  "site_08": 0.8423997395833335,
  "site_09": 0.8868601810515878,
  "site_10": 0.8979487227182542
}